periode_data,triwulan,wilayah,jenis_usaha,jumlah_usaha,nilai_pendapatan
201903,1,KAB. ADM. KEP. SERIBU,KULINER,863,841485000
201903,1,KAB. ADM. KEP. SERIBU,LAINNYA,285,241942000
201903,1,KAB. ADM. KEP. SERIBU,FASHION,69,25750000
201903,1,KAB. ADM. KEP. SERIBU,CRAFT,22,10300000
201903,1,KOTA ADM. JAKARTA BARAT,CRAFT,526,N/A
201903,1,KOTA ADM. JAKARTA BARAT,KULINER,8289,237600005
201903,1,KOTA ADM. JAKARTA BARAT,LAINNYA,537,50800000
201903,1,KOTA ADM. JAKARTA BARAT,FASHION,1236,2500000
201903,1,KOTA ADM. JAKARTA PUSAT,KULINER,9157,2911695500
201903,1,KOTA ADM. JAKARTA PUSAT,FASHION,1152,257706600
201903,1,KOTA ADM. JAKARTA PUSAT,LAINNYA,919,149265000
201903,1,KOTA ADM. JAKARTA PUSAT,CRAFT,696,143013000
201903,1,KOTA ADM. JAKARTA SELATAN,KULINER,15541,204585000
201903,1,KOTA ADM. JAKARTA SELATAN,FASHION,1922,23700000
201903,1,KOTA ADM. JAKARTA SELATAN,LAINNYA,1479,9520000
201903,1,KOTA ADM. JAKARTA SELATAN,CRAFT,908,8600000
201903,1,KOTA ADM. JAKARTA TIMUR,KULINER,11915,468010001
201903,1,KOTA ADM. JAKARTA TIMUR,FASHION,2148,113300000
201903,1,KOTA ADM. JAKARTA TIMUR,CRAFT,704,32700000
201903,1,KOTA ADM. JAKARTA TIMUR,LAINNYA,1255,2910000
201903,1,KOTA ADM. JAKARTA UTARA,CRAFT,348,N/A
201903,1,KOTA ADM. JAKARTA UTARA,FASHION,1150,N/A
201903,1,KOTA ADM. JAKARTA UTARA,LAINNYA,739,180000000
201903,1,KOTA ADM. JAKARTA UTARA,KULINER,7204,131200000
201906,2,KAB. ADM. KEP. SERIBU,KULINER,866,764460000
201906,2,KAB. ADM. KEP. SERIBU,LAINNYA,278,209715000
201906,2,KAB. ADM. KEP. SERIBU,FASHION,72,24200000
201906,2,KAB. ADM. KEP. SERIBU,CRAFT,23,24000000
201906,2,KOTA ADM. JAKARTA BARAT,KULINER,8277,291035000
201906,2,KOTA ADM. JAKARTA BARAT,LAINNYA,535,50100000
201906,2,KOTA ADM. JAKARTA BARAT,FASHION,1245,16500000
201906,2,KOTA ADM. JAKARTA BARAT,CRAFT,531,800000
201906,2,KOTA ADM. JAKARTA PUSAT,KULINER,9151,3496225750
201906,2,KOTA ADM. JAKARTA PUSAT,FASHION,1151,343947000
201906,2,KOTA ADM. JAKARTA PUSAT,CRAFT,711,178429000
201906,2,KOTA ADM. JAKARTA PUSAT,LAINNYA,911,153508000
201906,2,KOTA ADM. JAKARTA SELATAN,KULINER,15522,509504500
201906,2,KOTA ADM. JAKARTA SELATAN,LAINNYA,1474,50500000
201906,2,KOTA ADM. JAKARTA SELATAN,CRAFT,920,45620000
201906,2,KOTA ADM. JAKARTA SELATAN,FASHION,1935,26950000
201906,2,KOTA ADM. JAKARTA TIMUR,KULINER,11901,620511001
201906,2,KOTA ADM. JAKARTA TIMUR,FASHION,2164,126000000
201906,2,KOTA ADM. JAKARTA TIMUR,CRAFT,711,39750000
201906,2,KOTA ADM. JAKARTA TIMUR,LAINNYA,1246,10750000
201906,2,KOTA ADM. JAKARTA UTARA,KULINER,7187,300090000
201906,2,KOTA ADM. JAKARTA UTARA,LAINNYA,731,189300000
201906,2,KOTA ADM. JAKARTA UTARA,CRAFT,358,21250000
201906,2,KOTA ADM. JAKARTA UTARA,FASHION,1165,12000000
201909,3,KAB. ADM. KEP. SERIBU,KULINER,864,1126545000
201909,3,KAB. ADM. KEP. SERIBU,LAINNYA,285,237387000
201909,3,KAB. ADM. KEP. SERIBU,CRAFT,22,31600000
201909,3,KAB. ADM. KEP. SERIBU,FASHION,69,13300000
201909,3,KOTA ADM. JAKARTA BARAT,KULINER,8290,630760009
201909,3,KOTA ADM. JAKARTA BARAT,LAINNYA,537,62500000
202306,2,KOTA ADM. JAKARTA UTARA,KULINER,7204,55215271107
202306,2,KOTA ADM. JAKARTA UTARA,LAINNYA,742,5349752336
202306,2,KOTA ADM. JAKARTA UTARA,FASHION,1150,4647799336
202306,2,KOTA ADM. JAKARTA UTARA,CRAFT,348,1557234100
202309,3,KAB. ADM. KEP. SERIBU,KULINER,864,12052936040
202309,3,KAB. ADM. KEP. SERIBU,LAINNYA,285,3378271500
202309,3,KAB. ADM. KEP. SERIBU,FASHION,69,505357000
202309,3,KAB. ADM. KEP. SERIBU,CRAFT,22,206200000
202309,3,KOTA ADM. JAKARTA BARAT,KULINER,8292,73336284835
202309,3,KOTA ADM. JAKARTA BARAT,FASHION,1238,8865502619
202309,3,KOTA ADM. JAKARTA BARAT,CRAFT,526,3244362680
202309,3,KOTA ADM. JAKARTA BARAT,LAINNYA,540,2901632966
202309,3,KOTA ADM. JAKARTA PUSAT,KULINER,9156,1.04E+11
202309,3,KOTA ADM. JAKARTA PUSAT,LAINNYA,919,9505708575
202309,3,KOTA ADM. JAKARTA PUSAT,FASHION,1152,8511684000
202309,3,KOTA ADM. JAKARTA PUSAT,CRAFT,696,4630940500
202309,3,KOTA ADM. JAKARTA SELATAN,KULINER,15550,1.27E+11
202309,3,KOTA ADM. JAKARTA SELATAN,FASHION,1922,13697092956
202309,3,KOTA ADM. JAKARTA SELATAN,LAINNYA,1476,11361625995
202309,3,KOTA ADM. JAKARTA SELATAN,CRAFT,908,5544256964
202309,3,KOTA ADM. JAKARTA TIMUR,KULINER,11917,1.21E+11
202309,3,KOTA ADM. JAKARTA TIMUR,FASHION,2149,13330156350
202309,3,KOTA ADM. JAKARTA TIMUR,LAINNYA,1258,9335144406
202309,3,KOTA ADM. JAKARTA TIMUR,CRAFT,704,4399622511
202309,3,KOTA ADM. JAKARTA UTARA,KULINER,7204,77882836300
202309,3,KOTA ADM. JAKARTA UTARA,FASHION,1150,7844940566
202309,3,KOTA ADM. JAKARTA UTARA,LAINNYA,742,6595976285
202309,3,KOTA ADM. JAKARTA UTARA,CRAFT,348,2538735604
202312,4,KAB. ADM. KEP. SERIBU,KULINER,864,11381101280
202312,4,KAB. ADM. KEP. SERIBU,LAINNYA,285,3530429160
202312,4,KAB. ADM. KEP. SERIBU,FASHION,69,537682000
202312,4,KAB. ADM. KEP. SERIBU,CRAFT,22,195103000
202312,4,KOTA ADM. JAKARTA BARAT,KULINER,8292,82125873436
202312,4,KOTA ADM. JAKARTA BARAT,FASHION,1238,9989138333
202312,4,KOTA ADM. JAKARTA BARAT,LAINNYA,540,3742066720
202312,4,KOTA ADM. JAKARTA BARAT,CRAFT,526,3650993589
202312,4,KOTA ADM. JAKARTA PUSAT,KULINER,9156,95017370985
202312,4,KOTA ADM. JAKARTA PUSAT,LAINNYA,919,11740353743
202312,4,KOTA ADM. JAKARTA PUSAT,FASHION,1152,9173244160
202312,4,KOTA ADM. JAKARTA PUSAT,CRAFT,696,4786165320
202312,4,KOTA ADM. JAKARTA SELATAN,KULINER,15551,1.28E+11
202312,4,KOTA ADM. JAKARTA SELATAN,FASHION,1922,12992269214
202312,4,KOTA ADM. JAKARTA SELATAN,LAINNYA,1476,10063530565
202312,4,KOTA ADM. JAKARTA SELATAN,CRAFT,908,6002036033
202312,4,KOTA ADM. JAKARTA TIMUR,KULINER,11918,1.21E+11
202312,4,KOTA ADM. JAKARTA TIMUR,FASHION,2149,13507150963
202312,4,KOTA ADM. JAKARTA TIMUR,LAINNYA,1258,9558681320
202312,4,KOTA ADM. JAKARTA TIMUR,CRAFT,704,4379596530
202312,4,KOTA ADM. JAKARTA UTARA,KULINER,7204,86633818684
202312,4,KOTA ADM. JAKARTA UTARA,FASHION,1150,8642937355
202312,4,KOTA ADM. JAKARTA UTARA,LAINNYA,742,7308997645
202312,4,KOTA ADM. JAKARTA UTARA,CRAFT,348,2489891800
202403,1,KAB. ADM. KEP. SERIBU,KULINER,899,11193496800
202409,3,KOTA ADM. JAKARTA BARAT,CRAFT,526,2208745452
202409,3,KOTA ADM. JAKARTA BARAT,LAINNYA,540,1725146801
202409,3,KOTA ADM. JAKARTA PUSAT,KULINER,9156,68213047030
202409,3,KOTA ADM. JAKARTA PUSAT,FASHION,1152,7694372400
202409,3,KOTA ADM. JAKARTA PUSAT,LAINNYA,919,7681195892
202409,3,KOTA ADM. JAKARTA PUSAT,CRAFT,696,4018667001
202409,3,KOTA ADM. JAKARTA SELATAN,KULINER,15553,1.07E+11
202409,3,KOTA ADM. JAKARTA SELATAN,FASHION,1922,12958158386
202409,3,KOTA ADM. JAKARTA SELATAN,LAINNYA,1476,7898367383
202409,3,KOTA ADM. JAKARTA SELATAN,CRAFT,908,6816486570
202409,3,KOTA ADM. JAKARTA TIMUR,KULINER,11918,54939609616
202409,3,KOTA ADM. JAKARTA TIMUR,LAINNYA,1258,2459781382
202409,3,KOTA ADM. JAKARTA TIMUR,CRAFT,704,847830300
202409,3,KOTA ADM. JAKARTA TIMUR,FASHION,2149,748592451
202409,3,KOTA ADM. JAKARTA UTARA,KULINER,7204,25889462583
202409,3,KOTA ADM. JAKARTA UTARA,LAINNYA,742,1056709738
202409,3,KOTA ADM. JAKARTA UTARA,FASHION,1150,721045741
202409,3,KOTA ADM. JAKARTA UTARA,CRAFT,348,86390503
202412,4,KAB. ADM. KEP. SERIBU,KULINER,864,5714042247
202412,4,KAB. ADM. KEP. SERIBU,LAINNYA,285,468148000
202412,4,KAB. ADM. KEP. SERIBU,CRAFT,22,136820000
202412,4,KAB. ADM. KEP. SERIBU,FASHION,69,121190000
202412,4,KOTA ADM. JAKARTA BARAT,KULINER,8292,47293921329
202412,4,KOTA ADM. JAKARTA BARAT,FASHION,1238,2883302190
202412,4,KOTA ADM. JAKARTA BARAT,LAINNYA,540,1359647876
202412,4,KOTA ADM. JAKARTA BARAT,CRAFT,526,1176016044
202412,4,KOTA ADM. JAKARTA PUSAT,KULINER,9156,43545064354
202412,4,KOTA ADM. JAKARTA PUSAT,LAINNYA,919,4980976996
202412,4,KOTA ADM. JAKARTA PUSAT,FASHION,1152,3184089621
202412,4,KOTA ADM. JAKARTA PUSAT,CRAFT,696,1529566910
202412,4,KOTA ADM. JAKARTA SELATAN,KULINER,15552,91561494684
202412,4,KOTA ADM. JAKARTA SELATAN,FASHION,1922,10164691944
202412,4,KOTA ADM. JAKARTA SELATAN,LAINNYA,1476,6919888135
202412,4,KOTA ADM. JAKARTA SELATAN,CRAFT,908,5984786690
202412,4,KOTA ADM. JAKARTA TIMUR,KULINER,11918,53433431807
202412,4,KOTA ADM. JAKARTA TIMUR,LAINNYA,1258,2724651904
202412,4,KOTA ADM. JAKARTA TIMUR,CRAFT,704,1114144804
202412,4,KOTA ADM. JAKARTA TIMUR,FASHION,2149,737899477
202412,4,KOTA ADM. JAKARTA UTARA,KULINER,7204,24194320275
202412,4,KOTA ADM. JAKARTA UTARA,LAINNYA,742,1311732562
202412,4,KOTA ADM. JAKARTA UTARA,FASHION,1150,700076821
202412,4,KOTA ADM. JAKARTA UTARA,CRAFT,348,46191200
202506,2,KOTA ADM. JAKARTA PUSAT,CRAFT,12,21418000
202506,2,KOTA ADM. JAKARTA PUSAT,FASHION,45,8578000
202506,2,KOTA ADM. JAKARTA PUSAT,KULINER,455,563586600
202506,2,KOTA ADM. JAKARTA PUSAT,LAINNYA,11,16497000
202506,2,KOTA ADM. JAKARTA UTARA,CRAFT,15,10329000
202506,2,KOTA ADM. JAKARTA UTARA,FASHION,41,16460000
202506,2,KOTA ADM. JAKARTA UTARA,KULINER,548,172110714
202506,2,KOTA ADM. JAKARTA UTARA,LAINNYA,30,1026500
202506,2,KOTA ADM. JAKARTA BARAT,CRAFT,14,4515000
202506,2,KOTA ADM. JAKARTA BARAT,FASHION,79,49696200
202506,2,KOTA ADM. JAKARTA BARAT,KULINER,655,364333512
202506,2,KOTA ADM. JAKARTA BARAT,LAINNYA,26,80000
202503,1,KOTA ADM. JAKARTA PUSAT,KULINER,10030,12161354227
202503,1,KOTA ADM. JAKARTA PUSAT,FASHION,1261,693778000
202503,1,KOTA ADM. JAKARTA PUSAT,CRAFT,735,313413902
202503,1,KOTA ADM. JAKARTA PUSAT,LAINNYA,1025,1084473023
202503,1,KOTA ADM. JAKARTA UTARA,KULINER,7722,7366521045
202503,1,KOTA ADM. JAKARTA UTARA,FASHION,1275,346544360
202503,1,KOTA ADM. JAKARTA UTARA,CRAFT,358,134437000
202503,1,KOTA ADM. JAKARTA UTARA,LAINNYA,859,591421548
202503,1,KOTA ADM. JAKARTA BARAT,KULINER,9279,18992543221
202503,1,KOTA ADM. JAKARTA BARAT,FASHION,1381,997716922
202503,1,KOTA ADM. JAKARTA BARAT,CRAFT,548,162019490
202503,1,KOTA ADM. JAKARTA BARAT,LAINNYA,674,245238000
202503,1,KOTA ADM. JAKARTA SELATAN,KULINER,24255,38744152384
202503,1,KOTA ADM. JAKARTA SELATAN,FASHION,2369,4081962120
202503,1,KOTA ADM. JAKARTA SELATAN,CRAFT,1029,2606061005
202503,1,KOTA ADM. JAKARTA SELATAN,LAINNYA,2224,3975620683
202503,1,KOTA ADM. JAKARTA TIMUR,KULINER,12364,23556762257
202503,1,KOTA ADM. JAKARTA TIMUR,FASHION,2179,606349767
202503,1,KOTA ADM. JAKARTA TIMUR,CRAFT,701,116839694
202503,1,KOTA ADM. JAKARTA TIMUR,LAINNYA,1356,1164592723
202503,1,KAB. ADM. KEP. SERIBU,KULINER,1446,7140534794
202503,1,KAB. ADM. KEP. SERIBU,FASHION,205,377585000
202503,1,KAB. ADM. KEP. SERIBU,CRAFT,149,256213503
202503,1,KAB. ADM. KEP. SERIBU,LAINNYA,432,941883666
202506,2,KOTA ADM. JAKARTA SELATAN,CRAFT,20,1165000
202506,2,KOTA ADM. JAKARTA SELATAN,FASHION,108,95842840
202506,2,KOTA ADM. JAKARTA SELATAN,KULINER,885,2384223855
202506,2,KOTA ADM. JAKARTA SELATAN,LAINNYA,55,20215000
202506,2,KOTA ADM. JAKARTA TIMUR,CRAFT,35,11722500
202506,2,KOTA ADM. JAKARTA TIMUR,FASHION,102,59242000
202506,2,KOTA ADM. JAKARTA TIMUR,KULINER,823,951425460
202506,2,KOTA ADM. JAKARTA TIMUR,LAINNYA,47,93160000
202506,2,KAB. ADM. KEP. SERIBU,CRAFT,1,0
202506,2,KAB. ADM. KEP. SERIBU,FASHION,1,0
202506,2,KAB. ADM. KEP. SERIBU,KULINER,29,115325000
202506,2,KAB. ADM. KEP. SERIBU,LAINNYA,2,0
202512,4,KOTA ADM. JAKARTA PUSAT,CRAFT,3,760000
202512,4,KOTA ADM. JAKARTA PUSAT,FASHION,147,35487100
202512,4,KOTA ADM. JAKARTA PUSAT,KULINER,497,395191500
202512,4,KOTA ADM. JAKARTA PUSAT,LAINNYA,78,0
202512,4,KOTA ADM. JAKARTA UTARA,CRAFT,9,10867000
202512,4,KOTA ADM. JAKARTA UTARA,FASHION,154,17819008
202512,4,KOTA ADM. JAKARTA UTARA,KULINER,363,973213116
202512,4,KOTA ADM. JAKARTA UTARA,LAINNYA,16,6000000
202512,4,KOTA ADM. JAKARTA BARAT,CRAFT,87,19325000
202512,4,KOTA ADM. JAKARTA BARAT,FASHION,274,396382000
202512,4,KOTA ADM. JAKARTA BARAT,KULINER,836,1903861036
202512,4,KOTA ADM. JAKARTA BARAT,LAINNYA,414,1875000
202512,4,KOTA ADM. JAKARTA SELATAN,CRAFT,16,50001000
202512,4,KOTA ADM. JAKARTA SELATAN,FASHION,254,2007546000
202512,4,KOTA ADM. JAKARTA SELATAN,KULINER,574,1918856251
202512,4,KOTA ADM. JAKARTA SELATAN,LAINNYA,48,35395775
202512,4,KOTA ADM. JAKARTA TIMUR,CRAFT,13,10215000
202512,4,KOTA ADM. JAKARTA TIMUR,FASHION,222,27076245
202512,4,KOTA ADM. JAKARTA TIMUR,KULINER,337,907140585
202512,4,KOTA ADM. JAKARTA TIMUR,LAINNYA,30,122714245
202512,4,KAB. ADM. KEP. SERIBU,FASHION,11,67955000
202512,4,KAB. ADM. KEP. SERIBU,KULINER,15,45055000
202509,3,KOTA ADM. JAKARTA PUSAT,CRAFT,9,522000
202509,3,KOTA ADM. JAKARTA PUSAT,FASHION,171,1900000
202509,3,KOTA ADM. JAKARTA PUSAT,KULINER,1582,372833828
202509,3,KOTA ADM. JAKARTA PUSAT,LAINNYA,30,0
202509,3,KOTA ADM. JAKARTA UTARA,CRAFT,9,10522000
202509,3,KOTA ADM. JAKARTA UTARA,FASHION,66,2507350
202509,3,KOTA ADM. JAKARTA UTARA,KULINER,1193,451197450
202509,3,KOTA ADM. JAKARTA UTARA,LAINNYA,23,10950000
202509,3,KOTA ADM. JAKARTA BARAT,CRAFT,12,0
202509,3,KOTA ADM. JAKARTA BARAT,FASHION,110,76507000
202509,3,KOTA ADM. JAKARTA BARAT,KULINER,1334,2009937561
202509,3,KOTA ADM. JAKARTA BARAT,LAINNYA,15,10500000
202509,3,KOTA ADM. JAKARTA SELATAN,CRAFT,10,41055000
202509,3,KOTA ADM. JAKARTA SELATAN,FASHION,94,73281000
202509,3,KOTA ADM. JAKARTA SELATAN,KULINER,1731,2762417200
202509,3,KOTA ADM. JAKARTA SELATAN,LAINNYA,84,80528768
202509,3,KOTA ADM. JAKARTA TIMUR,CRAFT,25,127229000
202509,3,KOTA ADM. JAKARTA TIMUR,FASHION,146,127005000
202509,3,KOTA ADM. JAKARTA TIMUR,KULINER,1818,4542621759
202509,3,KOTA ADM. JAKARTA TIMUR,LAINNYA,30,153001000
202509,3,KAB. ADM. KEP. SERIBU,FASHION,6,18200000
202509,3,KAB. ADM. KEP. SERIBU,KULINER,63,83505000
202509,3,KAB. ADM. KEP. SERIBU,LAINNYA,2,0
202403,1,KAB. ADM. KEP. SERIBU,LAINNYA,295,2977986500
202403,1,KAB. ADM. KEP. SERIBU,FASHION,76,698082000
202403,1,KAB. ADM. KEP. SERIBU,CRAFT,24,272545000
202403,1,KOTA ADM. JAKARTA BARAT,KULINER,8896,86481490037
202403,1,KOTA ADM. JAKARTA BARAT,FASHION,1345,14384345362
202403,1,KOTA ADM. JAKARTA BARAT,LAINNYA,599,5134861789
202403,1,KOTA ADM. JAKARTA BARAT,CRAFT,569,2918576960
202403,1,KOTA ADM. JAKARTA PUSAT,KULINER,9621,1.00E+11
202403,1,KOTA ADM. JAKARTA PUSAT,FASHION,1199,10566371000
202403,1,KOTA ADM. JAKARTA PUSAT,LAINNYA,957,10189383671
202403,1,KOTA ADM. JAKARTA PUSAT,CRAFT,734,6649543556
202403,1,KOTA ADM. JAKARTA SELATAN,KULINER,16381,1.26E+11
202403,1,KOTA ADM. JAKARTA SELATAN,FASHION,2032,14857866304
202403,1,KOTA ADM. JAKARTA SELATAN,LAINNYA,1518,11310934011
202403,1,KOTA ADM. JAKARTA SELATAN,CRAFT,963,6735379100
202403,1,KOTA ADM. JAKARTA TIMUR,KULINER,12716,1.22E+11
202403,1,KOTA ADM. JAKARTA TIMUR,FASHION,2268,12034522429
202403,1,KOTA ADM. JAKARTA TIMUR,LAINNYA,1352,6704199506
202403,1,KOTA ADM. JAKARTA TIMUR,CRAFT,788,5230294850
202403,1,KOTA ADM. JAKARTA UTARA,KULINER,7899,24463934443
202403,1,KOTA ADM. JAKARTA UTARA,FASHION,1222,698787600
202403,1,KOTA ADM. JAKARTA UTARA,LAINNYA,776,602098277
202403,1,KOTA ADM. JAKARTA UTARA,CRAFT,382,53770800
202406,2,KAB. ADM. KEP. SERIBU,KULINER,864,11011316214
202406,2,KAB. ADM. KEP. SERIBU,LAINNYA,285,2590624000
202406,2,KAB. ADM. KEP. SERIBU,FASHION,69,567457000
202406,2,KAB. ADM. KEP. SERIBU,CRAFT,22,230210000
202406,2,KOTA ADM. JAKARTA BARAT,KULINER,8292,53414435949
202406,2,KOTA ADM. JAKARTA BARAT,FASHION,1238,6877681413
202406,2,KOTA ADM. JAKARTA BARAT,CRAFT,526,2326064628
202406,2,KOTA ADM. JAKARTA BARAT,LAINNYA,540,1894506463
202406,2,KOTA ADM. JAKARTA PUSAT,KULINER,9156,67316719705
202406,2,KOTA ADM. JAKARTA PUSAT,FASHION,1152,8320371600
202406,2,KOTA ADM. JAKARTA PUSAT,LAINNYA,919,8056639473
202406,2,KOTA ADM. JAKARTA PUSAT,CRAFT,696,5133075800
202406,2,KOTA ADM. JAKARTA SELATAN,KULINER,15554,95557109582
202406,2,KOTA ADM. JAKARTA SELATAN,FASHION,1922,10973144590
202406,2,KOTA ADM. JAKARTA SELATAN,LAINNYA,1476,8118053617
202406,2,KOTA ADM. JAKARTA SELATAN,CRAFT,908,5451763750
202406,2,KOTA ADM. JAKARTA TIMUR,KULINER,11918,69575366125
202406,2,KOTA ADM. JAKARTA TIMUR,FASHION,2149,6304744567
202406,2,KOTA ADM. JAKARTA TIMUR,LAINNYA,1258,4702697319
202406,2,KOTA ADM. JAKARTA TIMUR,CRAFT,704,2479167005
202406,2,KOTA ADM. JAKARTA UTARA,KULINER,7204,17255340573
202406,2,KOTA ADM. JAKARTA UTARA,LAINNYA,742,998078993
202406,2,KOTA ADM. JAKARTA UTARA,FASHION,1150,628846950
202406,2,KOTA ADM. JAKARTA UTARA,CRAFT,348,59261828
202409,3,KAB. ADM. KEP. SERIBU,KULINER,864,7656452577
202409,3,KAB. ADM. KEP. SERIBU,LAINNYA,285,860616500
202409,3,KAB. ADM. KEP. SERIBU,FASHION,69,310493000
202409,3,KAB. ADM. KEP. SERIBU,CRAFT,22,215180000
202409,3,KOTA ADM. JAKARTA BARAT,KULINER,8292,60580970057
202409,3,KOTA ADM. JAKARTA BARAT,FASHION,1238,6646150235
201909,3,KOTA ADM. JAKARTA TIMUR,FASHION,2148,176720000
201909,3,KOTA ADM. JAKARTA TIMUR,CRAFT,704,100150000
201909,3,KOTA ADM. JAKARTA TIMUR,LAINNYA,1255,54100000
201909,3,KOTA ADM. JAKARTA UTARA,KULINER,7204,458460009
201909,3,KOTA ADM. JAKARTA UTARA,LAINNYA,742,196300000
201909,3,KOTA ADM. JAKARTA UTARA,FASHION,1150,19732500
201909,3,KOTA ADM. JAKARTA UTARA,CRAFT,348,18250000
201912,4,KAB. ADM. KEP. SERIBU,KULINER,864,1165440000
201912,4,KAB. ADM. KEP. SERIBU,LAINNYA,285,252245000
201912,4,KAB. ADM. KEP. SERIBU,FASHION,69,30810000
201912,4,KAB. ADM. KEP. SERIBU,CRAFT,22,23200000
201912,4,KOTA ADM. JAKARTA BARAT,KULINER,8290,1155873000
201912,4,KOTA ADM. JAKARTA BARAT,FASHION,1236,120750000
201912,4,KOTA ADM. JAKARTA BARAT,CRAFT,526,75260000
201912,4,KOTA ADM. JAKARTA BARAT,LAINNYA,537,44500000
201912,4,KOTA ADM. JAKARTA PUSAT,KULINER,9155,2501682000
201912,4,KOTA ADM. JAKARTA PUSAT,FASHION,1152,216490500
201912,4,KOTA ADM. JAKARTA PUSAT,CRAFT,696,135986000
201912,4,KOTA ADM. JAKARTA PUSAT,LAINNYA,919,96734000
201912,4,KOTA ADM. JAKARTA SELATAN,KULINER,15543,952011870
201912,4,KOTA ADM. JAKARTA SELATAN,LAINNYA,1476,38638000
201912,4,KOTA ADM. JAKARTA SELATAN,CRAFT,908,33400000
201912,4,KOTA ADM. JAKARTA SELATAN,FASHION,1922,28400000
201912,4,KOTA ADM. JAKARTA TIMUR,KULINER,11916,1533954570
201912,4,KOTA ADM. JAKARTA TIMUR,FASHION,2148,202990000
201912,4,KOTA ADM. JAKARTA TIMUR,LAINNYA,1255,102540000
201912,4,KOTA ADM. JAKARTA TIMUR,CRAFT,704,80815000
201912,4,KOTA ADM. JAKARTA UTARA,KULINER,7204,1806262000
201912,4,KOTA ADM. JAKARTA UTARA,LAINNYA,742,414564000
201912,4,KOTA ADM. JAKARTA UTARA,FASHION,1150,187885000
201912,4,KOTA ADM. JAKARTA UTARA,CRAFT,348,122535000
202003,1,KAB. ADM. KEP. SERIBU,KULINER,864,551170000
202003,1,KAB. ADM. KEP. SERIBU,LAINNYA,285,87160000
202003,1,KAB. ADM. KEP. SERIBU,FASHION,69,59800000
202003,1,KAB. ADM. KEP. SERIBU,CRAFT,22,13850000
202003,1,KOTA ADM. JAKARTA BARAT,KULINER,8290,1523207020
202003,1,KOTA ADM. JAKARTA BARAT,FASHION,1237,216090000
202003,1,KOTA ADM. JAKARTA BARAT,LAINNYA,537,86600000
202003,1,KOTA ADM. JAKARTA BARAT,CRAFT,526,85040000
202003,1,KOTA ADM. JAKARTA PUSAT,KULINER,9155,2985043900
202003,1,KOTA ADM. JAKARTA PUSAT,LAINNYA,919,418808800
202003,1,KOTA ADM. JAKARTA PUSAT,FASHION,1152,191155000
201909,3,KOTA ADM. JAKARTA BARAT,FASHION,1236,13000000
201909,3,KOTA ADM. JAKARTA BARAT,CRAFT,526,6700000
201909,3,KOTA ADM. JAKARTA PUSAT,KULINER,9155,3715313006
201909,3,KOTA ADM. JAKARTA PUSAT,FASHION,1152,318301000
201909,3,KOTA ADM. JAKARTA PUSAT,CRAFT,696,203059000
201909,3,KOTA ADM. JAKARTA PUSAT,LAINNYA,919,171532000
201909,3,KOTA ADM. JAKARTA SELATAN,KULINER,15542,747146970
201909,3,KOTA ADM. JAKARTA SELATAN,LAINNYA,1476,56660000
201909,3,KOTA ADM. JAKARTA SELATAN,FASHION,1922,54620000
201909,3,KOTA ADM. JAKARTA SELATAN,CRAFT,908,30650000
201909,3,KOTA ADM. JAKARTA TIMUR,KULINER,11916,721225965
202003,1,KOTA ADM. JAKARTA PUSAT,CRAFT,696,102460000
202003,1,KOTA ADM. JAKARTA SELATAN,KULINER,15544,3654883780
202003,1,KOTA ADM. JAKARTA SELATAN,FASHION,1922,396217217
202003,1,KOTA ADM. JAKARTA SELATAN,LAINNYA,1476,347250000
202003,1,KOTA ADM. JAKARTA SELATAN,CRAFT,908,128239000
202003,1,KOTA ADM. JAKARTA TIMUR,KULINER,11916,3242988923
202003,1,KOTA ADM. JAKARTA TIMUR,FASHION,2148,373435000
202003,1,KOTA ADM. JAKARTA TIMUR,LAINNYA,1257,321700000
202003,1,KOTA ADM. JAKARTA TIMUR,CRAFT,704,218800000
202003,1,KOTA ADM. JAKARTA UTARA,KULINER,7204,717429500
202003,1,KOTA ADM. JAKARTA UTARA,LAINNYA,742,319700000
202003,1,KOTA ADM. JAKARTA UTARA,FASHION,1150,29800000
202003,1,KOTA ADM. JAKARTA UTARA,CRAFT,348,26172000
202006,2,KAB. ADM. KEP. SERIBU,KULINER,864,223782000
202006,2,KAB. ADM. KEP. SERIBU,LAINNYA,285,37820000
202006,2,KAB. ADM. KEP. SERIBU,FASHION,69,26600000
202006,2,KAB. ADM. KEP. SERIBU,CRAFT,22,2600000
202006,2,KOTA ADM. JAKARTA BARAT,KULINER,8290,961624800
202006,2,KOTA ADM. JAKARTA BARAT,FASHION,1237,121602000
202006,2,KOTA ADM. JAKARTA BARAT,CRAFT,526,78850000
202006,2,KOTA ADM. JAKARTA BARAT,LAINNYA,537,39500000
202006,2,KOTA ADM. JAKARTA PUSAT,KULINER,9155,2001319020
202006,2,KOTA ADM. JAKARTA PUSAT,LAINNYA,919,303597000
202006,2,KOTA ADM. JAKARTA PUSAT,FASHION,1152,113950000
202006,2,KOTA ADM. JAKARTA PUSAT,CRAFT,696,59255000
202006,2,KOTA ADM. JAKARTA SELATAN,KULINER,15544,1118470770
202006,2,KOTA ADM. JAKARTA SELATAN,LAINNYA,1476,109060000
202006,2,KOTA ADM. JAKARTA SELATAN,FASHION,1922,84500000
202006,2,KOTA ADM. JAKARTA SELATAN,CRAFT,908,55030000
202006,2,KOTA ADM. JAKARTA TIMUR,KULINER,11916,1549607599
202006,2,KOTA ADM. JAKARTA TIMUR,LAINNYA,1257,159800000
202006,2,KOTA ADM. JAKARTA TIMUR,FASHION,2148,124890000
202006,2,KOTA ADM. JAKARTA TIMUR,CRAFT,704,91200000
202006,2,KOTA ADM. JAKARTA UTARA,LAINNYA,742,565350000
202006,2,KOTA ADM. JAKARTA UTARA,KULINER,7204,334602600
202006,2,KOTA ADM. JAKARTA UTARA,CRAFT,348,18920000
202006,2,KOTA ADM. JAKARTA UTARA,FASHION,1150,13100000
202009,3,KAB. ADM. KEP. SERIBU,KULINER,899,469329000
202009,3,KAB. ADM. KEP. SERIBU,LAINNYA,295,204550000
202009,3,KAB. ADM. KEP. SERIBU,FASHION,76,31300000
202009,3,KAB. ADM. KEP. SERIBU,CRAFT,24,7650000
202009,3,KOTA ADM. JAKARTA BARAT,KULINER,8899,2156569000
202009,3,KOTA ADM. JAKARTA BARAT,FASHION,1344,156100000
202009,3,KOTA ADM. JAKARTA BARAT,CRAFT,569,96850000
202009,3,KOTA ADM. JAKARTA BARAT,LAINNYA,596,58550000
202009,3,KOTA ADM. JAKARTA PUSAT,KULINER,9606,3835082907
202009,3,KOTA ADM. JAKARTA PUSAT,LAINNYA,956,472090000
202009,3,KOTA ADM. JAKARTA PUSAT,FASHION,1201,240775000
202009,3,KOTA ADM. JAKARTA PUSAT,CRAFT,734,133521000
202009,3,KOTA ADM. JAKARTA SELATAN,KULINER,16366,3093267500
202009,3,KOTA ADM. JAKARTA SELATAN,FASHION,2032,417349450
202009,3,KOTA ADM. JAKARTA SELATAN,LAINNYA,1520,368840000
202009,3,KOTA ADM. JAKARTA SELATAN,CRAFT,962,138890000
202009,3,KOTA ADM. JAKARTA TIMUR,KULINER,12742,3613191656
202009,3,KOTA ADM. JAKARTA TIMUR,CRAFT,789,572850000
202009,3,KOTA ADM. JAKARTA TIMUR,FASHION,2265,545430500
202009,3,KOTA ADM. JAKARTA TIMUR,LAINNYA,1350,253425000
202009,3,KOTA ADM. JAKARTA UTARA,KULINER,7885,3753880000
202009,3,KOTA ADM. JAKARTA UTARA,LAINNYA,776,858060000
202009,3,KOTA ADM. JAKARTA UTARA,CRAFT,382,829674000
202009,3,KOTA ADM. JAKARTA UTARA,FASHION,1222,36625000
202012,4,KAB. ADM. KEP. SERIBU,KULINER,864,387445000
202012,4,KAB. ADM. KEP. SERIBU,LAINNYA,285,206600000
202012,4,KAB. ADM. KEP. SERIBU,FASHION,69,34000000
202012,4,KAB. ADM. KEP. SERIBU,CRAFT,22,19900000
202012,4,KOTA ADM. JAKARTA BARAT,KULINER,8291,2010163802
202012,4,KOTA ADM. JAKARTA BARAT,FASHION,1237,159919800
202012,4,KOTA ADM. JAKARTA BARAT,LAINNYA,537,87220000
202012,4,KOTA ADM. JAKARTA BARAT,CRAFT,526,49450000
202012,4,KOTA ADM. JAKARTA PUSAT,KULINER,9155,3444271000
202012,4,KOTA ADM. JAKARTA PUSAT,LAINNYA,919,435310000
202012,4,KOTA ADM. JAKARTA PUSAT,FASHION,1152,311095000
202012,4,KOTA ADM. JAKARTA PUSAT,CRAFT,696,113185000
202012,4,KOTA ADM. JAKARTA SELATAN,KULINER,15544,2033205904
202012,4,KOTA ADM. JAKARTA SELATAN,FASHION,1922,268948044
202012,4,KOTA ADM. JAKARTA SELATAN,LAINNYA,1476,147700000
202012,4,KOTA ADM. JAKARTA SELATAN,CRAFT,908,55050000
202012,4,KOTA ADM. JAKARTA TIMUR,KULINER,11916,2149932578
202012,4,KOTA ADM. JAKARTA TIMUR,FASHION,2149,358922000
202012,4,KOTA ADM. JAKARTA TIMUR,LAINNYA,1257,217620000
202012,4,KOTA ADM. JAKARTA TIMUR,CRAFT,704,182450000
202012,4,KOTA ADM. JAKARTA UTARA,KULINER,7204,1617287000
202012,4,KOTA ADM. JAKARTA UTARA,LAINNYA,742,872741400
202012,4,KOTA ADM. JAKARTA UTARA,FASHION,1150,146718000
202012,4,KOTA ADM. JAKARTA UTARA,CRAFT,348,86943000
202103,1,KAB. ADM. KEP. SERIBU,KULINER,864,4191402800
202103,1,KAB. ADM. KEP. SERIBU,LAINNYA,285,1745538000
202103,1,KAB. ADM. KEP. SERIBU,FASHION,69,235585000
202103,1,KAB. ADM. KEP. SERIBU,CRAFT,22,108230000
202103,1,KOTA ADM. JAKARTA BARAT,KULINER,8291,23650375585
202103,1,KOTA ADM. JAKARTA BARAT,FASHION,1237,3456285840
202103,1,KOTA ADM. JAKARTA BARAT,CRAFT,526,1176211105
202103,1,KOTA ADM. JAKARTA BARAT,LAINNYA,537,948513500
202103,1,KOTA ADM. JAKARTA PUSAT,KULINER,9155,24670054320
202103,1,KOTA ADM. JAKARTA PUSAT,LAINNYA,919,4182117900
202103,1,KOTA ADM. JAKARTA PUSAT,FASHION,1152,2777321960
202103,1,KOTA ADM. JAKARTA PUSAT,CRAFT,696,1296933000
202103,1,KOTA ADM. JAKARTA SELATAN,KULINER,15544,35119050410
202103,1,KOTA ADM. JAKARTA SELATAN,FASHION,1922,3422018834
202103,1,KOTA ADM. JAKARTA SELATAN,LAINNYA,1476,2863284700
202103,1,KOTA ADM. JAKARTA SELATAN,CRAFT,908,1605033300
202103,1,KOTA ADM. JAKARTA TIMUR,KULINER,11916,21371440293
202103,1,KOTA ADM. JAKARTA TIMUR,FASHION,2149,3880361750
202103,1,KOTA ADM. JAKARTA TIMUR,LAINNYA,1257,1779025000
202103,1,KOTA ADM. JAKARTA TIMUR,CRAFT,704,1326294000
202103,1,KOTA ADM. JAKARTA UTARA,KULINER,7204,15787799520
202103,1,KOTA ADM. JAKARTA UTARA,FASHION,1150,2006719002
202103,1,KOTA ADM. JAKARTA UTARA,LAINNYA,742,1889777850
202103,1,KOTA ADM. JAKARTA UTARA,CRAFT,348,656008700
202106,2,KAB. ADM. KEP. SERIBU,KULINER,867,4857147000
202106,2,KAB. ADM. KEP. SERIBU,LAINNYA,278,1817657234
202106,2,KAB. ADM. KEP. SERIBU,FASHION,72,261422000
202106,2,KAB. ADM. KEP. SERIBU,CRAFT,23,110783000
202106,2,KOTA ADM. JAKARTA BARAT,KULINER,8279,25867861171
202106,2,KOTA ADM. JAKARTA BARAT,FASHION,1247,3850460409
202106,2,KOTA ADM. JAKARTA BARAT,CRAFT,531,1362323216
202106,2,KOTA ADM. JAKARTA BARAT,LAINNYA,535,949516900
202106,2,KOTA ADM. JAKARTA PUSAT,KULINER,9149,28645998588
202106,2,KOTA ADM. JAKARTA PUSAT,LAINNYA,911,4580626150
202106,2,KOTA ADM. JAKARTA PUSAT,FASHION,1151,3153103220
202106,2,KOTA ADM. JAKARTA PUSAT,CRAFT,711,1527066500
202106,2,KOTA ADM. JAKARTA SELATAN,KULINER,15524,37956013746
202106,2,KOTA ADM. JAKARTA SELATAN,FASHION,1935,3583098725
202106,2,KOTA ADM. JAKARTA SELATAN,LAINNYA,1471,2959495200
202106,2,KOTA ADM. JAKARTA SELATAN,CRAFT,920,1754626000
202106,2,KOTA ADM. JAKARTA TIMUR,KULINER,11902,24349583209
202106,2,KOTA ADM. JAKARTA TIMUR,FASHION,2165,4393633600
202106,2,KOTA ADM. JAKARTA TIMUR,LAINNYA,1248,2038015300
202106,2,KOTA ADM. JAKARTA TIMUR,CRAFT,711,1486014000
202106,2,KOTA ADM. JAKARTA UTARA,KULINER,7187,16257976164
202106,2,KOTA ADM. JAKARTA UTARA,FASHION,1165,2251610216
202106,2,KOTA ADM. JAKARTA UTARA,LAINNYA,734,1492092500
202106,2,KOTA ADM. JAKARTA UTARA,CRAFT,358,1301638560
202109,3,KAB. ADM. KEP. SERIBU,KULINER,864,4702916500
202109,3,KAB. ADM. KEP. SERIBU,LAINNYA,285,1955055000
202109,3,KAB. ADM. KEP. SERIBU,FASHION,69,241553000
202109,3,KAB. ADM. KEP. SERIBU,CRAFT,22,112836000
202109,3,KOTA ADM. JAKARTA BARAT,KULINER,8291,28313036478
202109,3,KOTA ADM. JAKARTA BARAT,FASHION,1238,3864105425
202109,3,KOTA ADM. JAKARTA BARAT,CRAFT,526,1388130996
202109,3,KOTA ADM. JAKARTA BARAT,LAINNYA,537,1034599101
202109,3,KOTA ADM. JAKARTA PUSAT,KULINER,9155,29675946041
202109,3,KOTA ADM. JAKARTA PUSAT,LAINNYA,919,5030147800
202109,3,KOTA ADM. JAKARTA PUSAT,FASHION,1152,3244455000
202109,3,KOTA ADM. JAKARTA PUSAT,CRAFT,696,1545450000
202109,3,KOTA ADM. JAKARTA SELATAN,KULINER,15545,41419624090
202109,3,KOTA ADM. JAKARTA SELATAN,FASHION,1922,3822643806
202109,3,KOTA ADM. JAKARTA SELATAN,LAINNYA,1476,3165887600
202109,3,KOTA ADM. JAKARTA SELATAN,CRAFT,908,2312474000
202109,3,KOTA ADM. JAKARTA TIMUR,KULINER,11916,28478705004
202109,3,KOTA ADM. JAKARTA TIMUR,FASHION,2149,4492498500
202109,3,KOTA ADM. JAKARTA TIMUR,LAINNYA,1257,2259310600
202109,3,KOTA ADM. JAKARTA TIMUR,CRAFT,704,1626904000
202109,3,KOTA ADM. JAKARTA UTARA,KULINER,7204,17759864350
202109,3,KOTA ADM. JAKARTA UTARA,FASHION,1150,2203096421
202109,3,KOTA ADM. JAKARTA UTARA,LAINNYA,742,1789160200
202109,3,KOTA ADM. JAKARTA UTARA,CRAFT,348,717846500
202112,4,KAB. ADM. KEP. SERIBU,KULINER,899,6106083000
202112,4,KAB. ADM. KEP. SERIBU,LAINNYA,295,2260219000
202112,4,KAB. ADM. KEP. SERIBU,FASHION,76,377066000
202112,4,KAB. ADM. KEP. SERIBU,CRAFT,24,172196000
202112,4,KOTA ADM. JAKARTA BARAT,KULINER,8895,34129316407
202112,4,KOTA ADM. JAKARTA BARAT,FASHION,1345,4343720262
202112,4,KOTA ADM. JAKARTA BARAT,CRAFT,569,2518426499
202112,4,KOTA ADM. JAKARTA BARAT,LAINNYA,596,1020189300
202112,4,KOTA ADM. JAKARTA PUSAT,KULINER,9621,38874603334
202112,4,KOTA ADM. JAKARTA PUSAT,LAINNYA,957,5890894650
202112,4,KOTA ADM. JAKARTA PUSAT,FASHION,1199,4093129800
202112,4,KOTA ADM. JAKARTA PUSAT,CRAFT,734,1942374500
202112,4,KOTA ADM. JAKARTA SELATAN,KULINER,16372,47788599370
202112,4,KOTA ADM. JAKARTA SELATAN,FASHION,2032,4434225241
202112,4,KOTA ADM. JAKARTA SELATAN,LAINNYA,1518,3354379950
202112,4,KOTA ADM. JAKARTA SELATAN,CRAFT,963,2779976000
202112,4,KOTA ADM. JAKARTA TIMUR,KULINER,12714,41833579000
202112,4,KOTA ADM. JAKARTA TIMUR,FASHION,2268,5886508000
202112,4,KOTA ADM. JAKARTA TIMUR,LAINNYA,1351,2820099200
202112,4,KOTA ADM. JAKARTA TIMUR,CRAFT,788,2106811000
202112,4,KOTA ADM. JAKARTA UTARA,KULINER,7899,20891471403
202112,4,KOTA ADM. JAKARTA UTARA,FASHION,1222,2511451414
202112,4,KOTA ADM. JAKARTA UTARA,LAINNYA,776,2226641850
202112,4,KOTA ADM. JAKARTA UTARA,CRAFT,382,1573360850
202203,1,KAB. ADM. KEP. SERIBU,KULINER,864,5692971000
202203,1,KAB. ADM. KEP. SERIBU,LAINNYA,285,2165867800
202203,1,KAB. ADM. KEP. SERIBU,FASHION,69,301260000
202203,1,KAB. ADM. KEP. SERIBU,CRAFT,22,136776000
202203,1,KOTA ADM. JAKARTA BARAT,KULINER,8291,24798361771
202203,1,KOTA ADM. JAKARTA BARAT,FASHION,1238,3658218170
202203,1,KOTA ADM. JAKARTA BARAT,CRAFT,526,1102293860
202203,1,KOTA ADM. JAKARTA BARAT,LAINNYA,538,866358400
202203,1,KOTA ADM. JAKARTA PUSAT,KULINER,9156,39039146030
202203,1,KOTA ADM. JAKARTA PUSAT,LAINNYA,919,6176046950
202203,1,KOTA ADM. JAKARTA PUSAT,FASHION,1152,4052565721
202203,1,KOTA ADM. JAKARTA PUSAT,CRAFT,696,1929081375
202203,1,KOTA ADM. JAKARTA SELATAN,KULINER,15549,41621695657
202203,1,KOTA ADM. JAKARTA SELATAN,LAINNYA,1476,3564255079
202203,1,KOTA ADM. JAKARTA SELATAN,FASHION,1922,3503058028
202203,1,KOTA ADM. JAKARTA SELATAN,CRAFT,908,1557964479
202203,1,KOTA ADM. JAKARTA TIMUR,KULINER,11917,36955920784
202203,1,KOTA ADM. JAKARTA TIMUR,FASHION,2149,6003362000
202203,1,KOTA ADM. JAKARTA TIMUR,LAINNYA,1257,3138787480
202203,1,KOTA ADM. JAKARTA TIMUR,CRAFT,704,1786467000
202203,1,KOTA ADM. JAKARTA UTARA,KULINER,7204,21075452613
202203,1,KOTA ADM. JAKARTA UTARA,FASHION,1150,2639608000
202203,1,KOTA ADM. JAKARTA UTARA,LAINNYA,742,2086364690
202203,1,KOTA ADM. JAKARTA UTARA,CRAFT,348,814161400
202206,2,KAB. ADM. KEP. SERIBU,KULINER,864,7621149340
202206,2,KAB. ADM. KEP. SERIBU,LAINNYA,285,2424426700
202206,2,KAB. ADM. KEP. SERIBU,FASHION,69,361275000
202206,2,KAB. ADM. KEP. SERIBU,CRAFT,22,145485000
202206,2,KOTA ADM. JAKARTA BARAT,KULINER,8291,26080755388
202206,2,KOTA ADM. JAKARTA BARAT,FASHION,1238,3436011294
202206,2,KOTA ADM. JAKARTA BARAT,CRAFT,526,1067190678
202206,2,KOTA ADM. JAKARTA BARAT,LAINNYA,537,1036692050
202206,2,KOTA ADM. JAKARTA PUSAT,KULINER,9156,43786355862
202206,2,KOTA ADM. JAKARTA PUSAT,LAINNYA,919,6427624354
202206,2,KOTA ADM. JAKARTA PUSAT,FASHION,1152,4300575705
202206,2,KOTA ADM. JAKARTA PUSAT,CRAFT,696,2040351206
202206,2,KOTA ADM. JAKARTA SELATAN,KULINER,15547,45796915252
202206,2,KOTA ADM. JAKARTA SELATAN,LAINNYA,1476,3978491180
202206,2,KOTA ADM. JAKARTA SELATAN,FASHION,1922,3588282137
202206,2,KOTA ADM. JAKARTA SELATAN,CRAFT,908,1813610600
202206,2,KOTA ADM. JAKARTA TIMUR,KULINER,11917,50677443656
202206,2,KOTA ADM. JAKARTA TIMUR,FASHION,2149,6700734500
202206,2,KOTA ADM. JAKARTA TIMUR,LAINNYA,1257,3794952260
202206,2,KOTA ADM. JAKARTA TIMUR,CRAFT,704,1981575708
202206,2,KOTA ADM. JAKARTA UTARA,KULINER,7204,22002108995
202206,2,KOTA ADM. JAKARTA UTARA,FASHION,1150,2056652100
202206,2,KOTA ADM. JAKARTA UTARA,LAINNYA,742,1700537968
202206,2,KOTA ADM. JAKARTA UTARA,CRAFT,348,699994000
202209,3,KAB. ADM. KEP. SERIBU,KULINER,864,8442032500
202209,3,KAB. ADM. KEP. SERIBU,LAINNYA,285,2579806400
202209,3,KAB. ADM. KEP. SERIBU,FASHION,69,432199000
202209,3,KAB. ADM. KEP. SERIBU,CRAFT,22,155705000
202209,3,KOTA ADM. JAKARTA BARAT,KULINER,8291,32308332544
202209,3,KOTA ADM. JAKARTA BARAT,FASHION,1238,2952596927
202209,3,KOTA ADM. JAKARTA BARAT,CRAFT,526,1446747085
202209,3,KOTA ADM. JAKARTA BARAT,LAINNYA,537,1046809980
202209,3,KOTA ADM. JAKARTA PUSAT,KULINER,9156,49719841288
202209,3,KOTA ADM. JAKARTA PUSAT,LAINNYA,919,8084672248
202209,3,KOTA ADM. JAKARTA PUSAT,FASHION,1152,4456998429
202209,3,KOTA ADM. JAKARTA PUSAT,CRAFT,696,2193563491
202209,3,KOTA ADM. JAKARTA SELATAN,KULINER,15547,52193445140
202209,3,KOTA ADM. JAKARTA SELATAN,LAINNYA,1476,4536286600
202209,3,KOTA ADM. JAKARTA SELATAN,FASHION,1922,3685624697
202209,3,KOTA ADM. JAKARTA SELATAN,CRAFT,908,1538146030
202209,3,KOTA ADM. JAKARTA TIMUR,KULINER,11917,67902852658
202209,3,KOTA ADM. JAKARTA TIMUR,FASHION,2149,7156876253
202209,3,KOTA ADM. JAKARTA TIMUR,LAINNYA,1257,4343005590
202209,3,KOTA ADM. JAKARTA TIMUR,CRAFT,704,2199828381
202209,3,KOTA ADM. JAKARTA UTARA,KULINER,7204,23661684744
202209,3,KOTA ADM. JAKARTA UTARA,FASHION,1150,1611003613
202209,3,KOTA ADM. JAKARTA UTARA,LAINNYA,742,1306590490
202209,3,KOTA ADM. JAKARTA UTARA,CRAFT,348,661811000
202212,4,KAB. ADM. KEP. SERIBU,KULINER,899,9278515980
202212,4,KAB. ADM. KEP. SERIBU,LAINNYA,295,2954491701
202212,4,KAB. ADM. KEP. SERIBU,FASHION,76,490281000
202212,4,KAB. ADM. KEP. SERIBU,CRAFT,24,219340000
202212,4,KOTA ADM. JAKARTA BARAT,KULINER,8895,48267070839
202212,4,KOTA ADM. JAKARTA BARAT,FASHION,1345,2865801139
202212,4,KOTA ADM. JAKARTA BARAT,CRAFT,569,2459312392
202212,4,KOTA ADM. JAKARTA BARAT,LAINNYA,596,1205073096
202212,4,KOTA ADM. JAKARTA PUSAT,KULINER,9621,61342862167
202212,4,KOTA ADM. JAKARTA PUSAT,LAINNYA,957,7342271765
202212,4,KOTA ADM. JAKARTA PUSAT,FASHION,1199,4840605300
202212,4,KOTA ADM. JAKARTA PUSAT,CRAFT,734,2599763469
202212,4,KOTA ADM. JAKARTA SELATAN,KULINER,16373,62312178807
202212,4,KOTA ADM. JAKARTA SELATAN,LAINNYA,1518,6502297112
202212,4,KOTA ADM. JAKARTA SELATAN,FASHION,2032,4281005413
202212,4,KOTA ADM. JAKARTA SELATAN,CRAFT,963,1917320198
202212,4,KOTA ADM. JAKARTA TIMUR,KULINER,12715,85144009949
202212,4,KOTA ADM. JAKARTA TIMUR,FASHION,2268,10082817374
202212,4,KOTA ADM. JAKARTA TIMUR,LAINNYA,1351,5654146361
202212,4,KOTA ADM. JAKARTA TIMUR,CRAFT,788,3321861000
202212,4,KOTA ADM. JAKARTA UTARA,KULINER,7899,32438837596
202212,4,KOTA ADM. JAKARTA UTARA,LAINNYA,776,1779269530
202212,4,KOTA ADM. JAKARTA UTARA,FASHION,1222,1654493393
202212,4,KOTA ADM. JAKARTA UTARA,CRAFT,382,893386280
202303,1,KAB. ADM. KEP. SERIBU,KULINER,864,8748425220
202303,1,KAB. ADM. KEP. SERIBU,LAINNYA,285,3163186000
202303,1,KAB. ADM. KEP. SERIBU,FASHION,69,460999000
202303,1,KAB. ADM. KEP. SERIBU,CRAFT,22,168902000
202303,1,KOTA ADM. JAKARTA BARAT,KULINER,8291,55745906077
202303,1,KOTA ADM. JAKARTA BARAT,FASHION,1238,6426403186
202303,1,KOTA ADM. JAKARTA BARAT,CRAFT,526,2550169592
202303,1,KOTA ADM. JAKARTA BARAT,LAINNYA,538,2209621116
202303,1,KOTA ADM. JAKARTA PUSAT,KULINER,9156,66500852868
202303,1,KOTA ADM. JAKARTA PUSAT,LAINNYA,919,8368154156
202303,1,KOTA ADM. JAKARTA PUSAT,FASHION,1152,7326240975
202303,1,KOTA ADM. JAKARTA PUSAT,CRAFT,696,3911094000
202303,1,KOTA ADM. JAKARTA SELATAN,KULINER,15550,97195753373
202303,1,KOTA ADM. JAKARTA SELATAN,FASHION,1922,9792968713
202303,1,KOTA ADM. JAKARTA SELATAN,LAINNYA,1476,7361632980
202303,1,KOTA ADM. JAKARTA SELATAN,CRAFT,908,3649717208
202303,1,KOTA ADM. JAKARTA TIMUR,KULINER,11917,82833143962
202303,1,KOTA ADM. JAKARTA TIMUR,FASHION,2149,10240760750
202303,1,KOTA ADM. JAKARTA TIMUR,LAINNYA,1258,9831510432
202303,1,KOTA ADM. JAKARTA TIMUR,CRAFT,704,3558163700
202303,1,KOTA ADM. JAKARTA UTARA,KULINER,7204,48916091746
202303,1,KOTA ADM. JAKARTA UTARA,LAINNYA,742,4666492745
202303,1,KOTA ADM. JAKARTA UTARA,FASHION,1150,4456115378
202303,1,KOTA ADM. JAKARTA UTARA,CRAFT,348,1591130700
202306,2,KAB. ADM. KEP. SERIBU,KULINER,864,9729378240
202306,2,KAB. ADM. KEP. SERIBU,LAINNYA,285,3255890000
202306,2,KAB. ADM. KEP. SERIBU,FASHION,69,487710000
202306,2,KAB. ADM. KEP. SERIBU,CRAFT,22,187329000
202306,2,KOTA ADM. JAKARTA BARAT,KULINER,8292,55144842061
202306,2,KOTA ADM. JAKARTA BARAT,FASHION,1238,6746391199
202306,2,KOTA ADM. JAKARTA BARAT,CRAFT,526,2381031704
202306,2,KOTA ADM. JAKARTA BARAT,LAINNYA,539,2332222925
202306,2,KOTA ADM. JAKARTA PUSAT,KULINER,9156,72543364835
202306,2,KOTA ADM. JAKARTA PUSAT,LAINNYA,919,9281464647
202306,2,KOTA ADM. JAKARTA PUSAT,FASHION,1152,7823623890
202306,2,KOTA ADM. JAKARTA PUSAT,CRAFT,696,4114104700
202306,2,KOTA ADM. JAKARTA SELATAN,KULINER,15550,1.08E+11
202306,2,KOTA ADM. JAKARTA SELATAN,FASHION,1922,10683520649
202306,2,KOTA ADM. JAKARTA SELATAN,LAINNYA,1476,8762485859
202306,2,KOTA ADM. JAKARTA SELATAN,CRAFT,908,3855601904
202306,2,KOTA ADM. JAKARTA TIMUR,KULINER,11917,89106260098
202306,2,KOTA ADM. JAKARTA TIMUR,FASHION,2149,10192288999
202306,2,KOTA ADM. JAKARTA TIMUR,LAINNYA,1258,7123768040
202306,2,KOTA ADM. JAKARTA TIMUR,CRAFT,704,3265999700
